building_type,building_name,num_nodes,num_edges,density,ave_cluster_coef,transistivity,cliques,num_nodes_norm,num_edges_norm,c0,c1,c2,c3,c4,c5,c6,c7,c8,c9,c10,c11,c12,c13,c14,c15,c16,c17,c18,c19,c20,c21,c22,c23,c24,c25,c26,c27,c28,c29,c30,c31,c32,c33,c34,c35,c36,c37,c38,c39,c40,c41,c42,c43,c44,c45,c46,c47,c48,c49,c50,c51,c52,c53,c54,c55,c56,c57,c58,c59,c60,c61,c62,c63
monastery,MN0024,25,36,0.12,0.3538181818181818,0.22085889570552147,"[['MN0024_023', 'MN0024_020', 'MN0024_024', 'MN0024_018'], ['MN0024_009', 'MN0024_008', 'MN0024_000'], ['MN0024_004', 'MN0024_020', 'MN0024_005'], ['MN0024_004', 'MN0024_020', 'MN0024_018'], ['MN0024_004', 'MN0024_011', 'MN0024_003'], ['MN0024_004', 'MN0024_003', 'MN0024_013'], ['MN0024_004', 'MN0024_000', 'MN0024_005'], ['MN0024_004', 'MN0024_000', 'MN0024_019'], ['MN0024_004', 'MN0024_000', 'MN0024_013']]",0.19230769230769232,0.18947368421052632,-2.369115483975038,-1.0868973845243455,-1.772346625328064,0.36172374814748764,-3.319860212802887,0.15583135604858397,1.7457034441828727,3.239167561531067,0.9035465055704117,2.106451199054718,-0.647674148529768,-2.065692539513111,1.7099911510944366,-2.2534197878837587,1.3658542463183403,-0.25771216630935667,-1.0201673716306687,-3.104610401019454,-0.6337667453289032,-1.7737778294086457,-0.5012906022369862,1.8301218305155635,0.018589852452278136,0.526982464492321,-2.3165579652786255,-0.7679365581274032,2.7208448958396914,-0.39820504531264306,-1.0618198572471738,1.4888020485639573,2.397743760347366,-2.1334358566626905,0.24473974987864494,-1.5469310253858566,-2.6458076044172048,-0.09695131987333298,-0.27754920825362206,2.724871054291725,-0.5259405672550201,-4.415150405168533,0.22030748590826987,0.9010734444856644,-1.7669966545701028,-0.5646267464756966,-2.0614968192577363,1.4615449336171151,1.5780834943056106,-1.199150965809822,-0.4224991923570633,-1.0196945223212242,0.6363391870632767,-0.8083812172710896,-0.7309888911247253,0.22020072162151336,-1.2032085850834846,-0.896442421078682,-1.4259053468704224,-2.2272899945080282,0.23898969292640687,1.0235330919921397,4.8268228530883786,0.8525751951336861,0.3166574154794216,0.24662206289358438
monastery,MN0015,30,33,0.07586206896551724,0.05764309764309764,0.05,"[['MN0015_003', 'MN0015_001', 'MN0015_004'], ['MN0015_007', 'MN0015_004', 'MN0015_001']]",0.23076923076923078,0.1736842105263158,-0.3862978796164195,-1.1187789365649223,-1.8229916461432973,-1.28409123296539,1.144705313909799,-0.5842474689086278,0.8800780107577642,0.1820087065299352,3.336535261074702,-0.804780365107581,1.142355078831315,1.1997969683880607,-1.8850761792312065,-1.0836254770557086,2.789209653933843,0.5222607500851154,0.3249530533949534,-2.121711743871371,-0.9223157823085785,-1.520099792877833,-2.3500479638576506,-0.5554515528182189,-0.8750839776359498,-0.7167507241169612,0.5783539056777954,0.9677119493484497,0.9698067054152488,-0.5008167574803034,-0.06585536251465479,0.17945492435246707,-0.7513863158722719,-0.2848518446087837,-1.0438894423035283,-0.33341845000783604,0.9381305466095606,-1.1963403367747862,2.3108422084401052,-1.438077908740767,0.3765514329075813,-2.721361284485708,0.3892039029548566,-0.04962357481320699,1.2979285771648088,-2.4273373869558177,-0.334945739308993,-0.3152187899996837,-2.3900570929050446,-1.6829936866958937,-0.6597503200173378,1.996569512349864,0.671831040084362,-1.0591532622774442,-0.8402934392758955,-0.7889560038844744,0.6508883707225323,-3.5632347193857035,-0.8794147019584974,-1.1043701653679212,3.7390319844086966,0.8490746905406316,0.03082932357986768,1.4534019529819489,1.5287794205049674,0.7071851655840874
monastery,MN0016,33,37,0.07007575757575757,0.05497835497835498,0.05660377358490566,"[['MN0016_018', 'MN0016_002', 'MN0016_021'], ['MN0016_006', 'MN0016_004', 'MN0016_024']]",0.25384615384615383,0.19473684210526315,-0.9413099914337649,-1.1945046482212616,2.1314497127225907,-1.4559681105117004,-1.4253247755043434,0.18211258202791214,-3.2321546343014096,-1.2305159374619976,-0.9701853209372723,-1.0438080286099152,1.5378197979633554,2.1441620342207677,-0.9711455096575347,0.9371573120129831,0.6048774376060023,1.7993756753928734,1.0645335431803356,-1.5840555190136938,0.36113022832256375,0.597946869152965,-1.5155995382052478,0.06868904905224388,1.501776743115801,-3.5228500816067965,-1.3782750240555315,0.42986795331605454,-2.1404840605277005,-1.3294124248804469,0.6987758669437785,1.715863817117431,2.8115290055672326,-0.6908784072959062,0.32383507930419664,-1.585991891044559,-1.3435816779506928,-0.17964781346646222,1.2359008409760215,2.492100519099922,-0.8363165534806974,0.6008015298707918,1.2882747379216282,1.2207128021753195,-0.22299407490275122,-0.6313647517200672,-1.0282806501244053,-1.2297047884626822,-0.43450531453797314,-0.7449440960631226,2.084588737876126,-0.8432495912367647,-0.027815885616071297,-0.33870497899073543,-1.5377052918528065,-0.26593111940857134,-2.429361152829546,1.9470556961993377,-0.5611275244842876,1.6977773349393497,0.9349606326132109,1.391405999660492,3.9323853814240657,-0.22998115555806595,0.9666052654272679,3.544383645960779
monastery,MN0029,38,51,0.07254623044096728,0.07725563909774437,0.061224489795918366,"[['MN0029_024', 'MN0029_034', 'MN0029_036'], ['MN0029_024', 'MN0029_034', 'MN0029_031'], ['MN0029_002', 'MN0029_009', 'MN0029_007']]",0.2923076923076923,0.26842105263157895,0.0320612699479649,2.3366092704236507,0.18328701547886195,3.1814151811168383,2.8952045701934317,-0.759973038968287,-1.3898933322021836,1.8954506556650526,2.7750640605625354,-1.8328869137912989,-1.1048669936625581,0.17074162551005811,0.18901294153673867,-0.2823321229141009,0.44386377053237275,1.8272446741006876,0.36702780621616465,-1.5571506544947624,1.9868089501795017,-0.28035087716814716,2.2294556986736622,1.0092421381881362,0.5084308336832022,-2.0044894050132775,1.8007030182174946,-0.6860380355072649,2.6528918715684036,-3.2312945171602463,2.3804633514710556,-0.13411405212000796,-2.100466529075914,-0.7328712548080244,1.4264018561102842,-1.5921709576719685,0.7035521992335194,0.12152261414418095,1.416654129757693,2.014583128553472,0.26924849865271855,1.7124024086484784,1.5144278693723638,2.0465187040206634,0.8315205828923928,1.089294337324406,-0.5592825801454877,-0.4080885178164432,-1.0808470570727398,-2.8776194680678215,-0.2012082134422503,-4.494776528916861,0.8825710541323611,-2.85256980104666,-0.6251740424256576,-0.9607753571318952,1.7282726153927415,-0.38167018913909007,-2.1453327524818873,0.30347651909840734,-0.041360690013358466,0.19337991451060302,2.4603254685276434,1.5133115872740746,-1.5975469464534207,-0.3956142522786793
monastery,MN0017,30,41,0.09425287356321839,0.295925925925926,0.20512820512820512,"[['MN0017_021', 'MN0017_026', 'MN0017_016'], ['MN0017_021', 'MN0017_015', 'MN0017_010'], ['MN0017_009', 'MN0017_025', 'MN0017_003'], ['MN0017_004', 'MN0017_002', 'MN0017_010'], ['MN0017_004', 'MN0017_020', 'MN0017_022'], ['MN0017_004', 'MN0017_007', 'MN0017_011'], ['MN0017_004', 'MN0017_007', 'MN0017_013'], ['MN0017_012', 'MN0017_006', 'MN0017_011']]",0.23076923076923078,0.21578947368421053,-2.2722460627555847,-2.0710522179802258,-1.7310500907401243,0.7097345817834139,1.2750312017897765,-1.2491548374295234,-0.4448254937926928,-3.9596723934014637,2.070233952005704,1.6747717566788196,1.2333563486735026,-1.4634716813762982,-2.8767193838953973,-1.3592178472628196,-2.1060391927758855,-0.2967739070455233,3.4424548774957655,-1.150905382571121,0.0731469951570034,-0.583213793238004,0.2261036622027556,0.5202935369064411,-1.210474704268078,0.21967028925816218,-0.23123357218379775,0.3780845413605372,-0.34037715593973794,-3.2245991428693137,-3.2335775752862292,0.521329183379809,-2.221504332621892,-0.2925357362876336,2.889917730540037,1.1582893895606199,-0.011043783649802208,-0.3672907734910647,1.1463227907816569,-2.0590591558565694,-1.2155103099842866,-1.8168486431241035,-3.2509536276261013,-0.904539902911832,-0.569416492494444,-1.8396565767625968,1.5788954546054204,1.9195450921853383,0.34831343395635483,0.4421633323033651,0.532602368791898,-0.5206493958830833,0.18051078990101815,-3.3373897287334935,-0.09214977143953244,3.277238438526789,0.6139261285347554,1.8041035531760523,1.1434142346183458,-0.010782299190759658,-1.0705756993343434,0.9151169649014871,-0.8008784703910351,0.795888223250707,1.125033765596648,1.4259042790004364
monastery,MN0027,25,27,0.09,0.16647619047619044,0.09375,"[['MN0027_002', 'MN0027_006', 'MN0027_011'], ['MN0027_002', 'MN0027_000', 'MN0027_014'], ['MN0027_002', 'MN0027_000', 'MN0027_015']]",0.19230769230769232,0.14210526315789473,-1.1454878151416779,-2.448959059715271,0.9220474092662334,0.7453133845329285,0.14331240594387054,-0.22052366852760316,1.6853584004938602,0.16688427269458772,0.7561345833539963,-2.6952353914082052,-0.6417906713485718,2.530520714521408,-0.7490882665663957,-2.6855176877975464,1.4771272325515747,0.013972022831439971,-2.654941338300705,-0.3656944790482521,2.293637166023254,0.5853221407532692,0.7484105372428894,-1.8785583674907684,0.8448419588804245,-0.9491668778657913,-1.0483744724118151,2.8349512934684755,-0.7591465711593628,-0.216279768794775,-1.0701877468824386,-0.4226484763622284,-0.8028197827935218,-1.0390229704976082,0.5650390911102295,0.1890168944001198,-0.21461689444258808,-0.39083615481853484,-2.8313842844963073,0.042932364344596866,1.1438253313302993,-1.358946808576584,-0.39540263563394545,1.781949998140335,0.427121754437685,0.2825952297449112,1.6207021975517273,-1.9549671006202698,-0.8568558287620545,0.43663835459388795,-0.7017514946311713,-0.14655681252479552,1.8126380956172943,-0.5127019315958024,-0.9927567112445831,-0.06374204635620118,-1.8091026853024958,-0.6231667736172676,0.4026783919334412,2.189214965105057,-1.8564415287971496,-0.278668086193502,1.8545793360471725,0.3753921284526587,1.42639287173748,-1.159624777585268
monastery,MN0013,23,22,0.08695652173913043,0.0,0,[],0.17692307692307693,0.11578947368421053,-0.8400282944228662,0.3124459696852643,0.3356667990269868,0.5122372171153193,0.4686690851560105,-0.3716546849388143,0.12012182435263759,0.9573001926359923,-2.689328873934953,0.4504286569097768,-1.5851145917954652,0.8359013769937598,-0.6347094887624616,-2.119733743045641,0.6583858522708002,0.4368093933748162,-1.3165944425956062,0.5451959633956784,-1.193505972623825,-1.00915242249713,1.1312138723290486,0.13700470700860023,0.5618624724447727,-0.4976893645589766,1.8992601166600767,-1.337775236238604,-0.5588218550319257,0.43184194616649463,2.5130921135778013,0.3317180511582157,-0.8367656806240911,-0.6605459210341391,-0.7701790183782578,1.567054311218469,-0.28767212966214056,2.009617401205975,2.17632434549539,-1.323997816313868,0.09142548234566399,-4.531949561575185,-3.2357740298561426,0.2830850404241811,-1.4379448683365532,-0.06038309514279599,-3.9602188234743863,1.991080641746521,-2.5747752772725145,-1.4845741786386655,-0.9909258601458176,-1.2105114783929742,-1.0413015860578287,-1.7653977391512499,-0.8157801202133946,-0.9498450495302677,-2.4902758818605673,-0.02920508627658305,0.9483560362587804,2.0171479090400366,0.05742880386178908,-1.2596694334693577,1.2641271611918574,2.4132663192956345,0.030380644228147423,1.4128982036010078
monastery,MN0014,37,45,0.06756756756756757,0.05675675675675676,0.06716417910447761,"[['MN0014_000', 'MN0014_010', 'MN0014_034'], ['MN0014_000', 'MN0014_010', 'MN0014_035'], ['MN0014_034', 'MN0014_022', 'MN0014_010']]",0.2846153846153846,0.23684210526315788,0.4393638891948236,0.13039528192146807,-0.8937058142713599,1.011516492310408,0.07385160230301521,-1.8137338397067946,3.167692426088694,-0.05448752319490587,-0.3170298537289774,1.3385478954862904,-0.25401692639256046,1.4376139181691248,0.4692777342892982,-1.9143014818027213,0.6804656112516249,-1.0777144929444469,0.40386265959288625,1.9263323964299381,-1.1442941799759865,-1.093626247769272,-1.8707431703805923,1.2639442861073877,-0.6218787655737754,0.5913369037412308,2.6659424067349047,-2.699267048288036,0.6197138319949846,0.5299253022751292,0.4065494100387032,0.3064258130821022,1.370237841044326,-1.144042898674269,-0.057870814680574915,-5.249912303645869,0.5731479618194941,-3.51852269337286,-1.3048809694277275,-0.1335840380649913,-1.5710518416017294,1.6034147856203285,-0.7834981899406459,-1.8934624627534602,-1.3268070435403168,-2.89419292960618,1.3333863838563196,1.5731976294537653,-1.1347433813923113,2.5138420263254964,0.07421584910637624,-1.2331870040868886,0.22253185007217768,1.725065566398002,-3.001573506239298,-0.6361752933747059,-1.6857611716196343,-2.298920760283599,-0.35640796938458,0.484670744409684,-0.7121075673683269,0.257319894417919,-1.188345529340409,-1.066357447488888,0.26290076064902385,1.4022647343777321
monastery,MN0002,31,47,0.1010752688172043,0.26006144393241165,0.20754716981132076,"[['MN0002_014', 'MN0002_018', 'MN0002_002'], ['MN0002_014', 'MN0002_018', 'MN0002_012'], ['MN0002_009', 'MN0002_008', 'MN0002_004'], ['MN0002_009', 'MN0002_000', 'MN0002_004'], ['MN0002_009', 'MN0002_000', 'MN0002_019'], ['MN0002_009', 'MN0002_000', 'MN0002_005'], ['MN0002_003', 'MN0002_011', 'MN0002_020'], ['MN0002_013', 'MN0002_004', 'MN0002_000'], ['MN0002_006', 'MN0002_015', 'MN0002_008'], ['MN0002_007', 'MN0002_015', 'MN0002_008'], ['MN0002_015', 'MN0002_011', 'MN0002_008']]",0.23846153846153847,0.24736842105263157,0.2680519044759773,2.04023529925654,-4.182244529647212,2.4824061066873613,-0.627854494077544,-0.27230127780668195,-3.0215919510491434,-2.9329038030437884,-1.7255146340016396,1.187293380138374,-0.913311131298542,1.4357375461728341,1.0573014081005128,-0.22019243229841512,4.410201752858777,-2.375820942223072,2.3420901848303695,0.9141978045564986,-0.4359131340057619,0.8403596757881103,-2.1880941650559826,0.3337271232758799,4.730453348928882,1.5496509772154592,-1.2762983321182189,0.10783074940404584,3.091120651652736,-0.07933701550768267,-1.0527085061034849,0.11656783737482564,1.285718785418618,2.7235613417240883,2.4170602778753927,0.7323498317310887,-0.6178192252954168,-1.5941480758690065,1.1445198355603121,-1.842358189965448,1.0854198644238133,3.032614963790101,-2.478839229672186,-1.315807402374283,0.9583852994105508,0.692467495318382,0.5806610529581385,-1.7487184722577371,-1.7071833591307364,0.4034600430919278,-0.1904990891775777,0.6756216586687632,0.7371322488141877,-1.2120613268306177,-0.13794963494423898,1.3826073590786225,1.9004223320422875,0.4850414479451795,-0.8235518004625074,0.2177060233887225,-0.7081980003464606,0.7028575876066762,2.6140566204179074,1.245189038015181,1.0942904771335664,0.8808164952262756
monastery,MN0026,35,36,0.06050420168067227,0.0,0,[],0.2692307692307692,0.18947368421052632,2.352866368501314,-1.294561870502574,-3.2600737197058542,-0.05145742957081113,1.0202522058572088,0.6650571601731436,-0.7121920321668898,0.7119870437043053,-3.2532873587948936,-0.893040760925838,-0.20676185701574598,-0.011182131837787372,1.5443722260849817,2.274512092330094,-2.1445932292512486,2.3846321008035116,-0.7178510325295585,-0.45525509119033813,0.12036139667034149,-0.478779577676739,-2.5977369414908544,-1.4423780111329896,1.251805891735213,-0.16310120863573893,2.0794151662981935,0.9572156693254198,-0.44608132871133943,-1.2326838178294046,-3.6835643206323896,-0.36917492161904064,-1.216048781148025,0.34005153168525015,-1.7732691273093224,0.7550963685980865,2.164760143842016,-1.1993960027183805,3.07149097515004,0.420610090558018,-3.369500538281032,-1.8599857739305923,0.7907084866826023,-1.5619660709585463,-1.6898322420460836,0.019758457584040507,-0.271306171055351,-0.38318596998495713,-0.7216528901032039,-0.1398349794958319,0.6349144458637705,-2.240508688773428,1.4032892385763782,-2.3787684473325497,-1.1346815937331745,1.4641834335135562,-0.7796714178153447,0.558146436725344,-2.374898319584983,-0.7743206043328558,1.9012280413082667,-3.4807257649621794,-0.3920325995688992,-0.775555009501321,0.1657103934990508,-1.8623983024087336
monastery,MN0012,42,75,0.08710801393728224,0.24668706398029708,0.16097560975609757,"[['MN0012_022', 'MN0012_010', 'MN0012_005'], ['MN0012_022', 'MN0012_010', 'MN0012_032'], ['MN0012_029', 'MN0012_006', 'MN0012_009'], ['MN0012_014', 'MN0012_000', 'MN0012_028'], ['MN0012_014', 'MN0012_000', 'MN0012_021'], ['MN0012_009', 'MN0012_016', 'MN0012_011'], ['MN0012_009', 'MN0012_016', 'MN0012_006'], ['MN0012_000', 'MN0012_021', 'MN0012_005'], ['MN0012_000', 'MN0012_021', 'MN0012_019'], ['MN0012_011', 'MN0012_016', 'MN0012_030'], ['MN0012_003', 'MN0012_026', 'MN0012_032'], ['MN0012_003', 'MN0012_020', 'MN0012_008'], ['MN0012_003', 'MN0012_021', 'MN0012_019'], ['MN0012_003', 'MN0012_024', 'MN0012_018'], ['MN0012_003', 'MN0012_027', 'MN0012_019'], ['MN0012_003', 'MN0012_030', 'MN0012_016'], ['MN0012_003', 'MN0012_030', 'MN0012_018'], ['MN0012_003', 'MN0012_010', 'MN0012_032'], ['MN0012_003', 'MN0012_010', 'MN0012_008'], ['MN0012_005', 'MN0012_008', 'MN0012_020'], ['MN0012_005', 'MN0012_008', 'MN0012_010'], ['MN0012_023', 'MN0012_018', 'MN0012_024']]",0.3230769230769231,0.39473684210526316,0.40921465555826825,-0.6496181189570398,5.686910055932545,-1.0516445535634245,-3.655706250774009,3.5447515912708782,-0.5988575929687137,-2.2766726488868394,-0.5487970350576299,-1.921044416814333,0.40925630864997703,-0.1250448383036114,2.122080113472683,1.7072354086807795,-0.8478123070228667,-1.6647500912215383,-1.3112042673996516,-0.7132790041643948,0.473433256149292,1.3353523104895084,1.569901047482355,1.254458597262523,0.03487801587297803,2.3668815412314697,-0.6251978580618188,0.7914807356539226,2.058757096706402,0.222393232708176,1.5744791323141683,0.89302035252608,1.8150669123445238,-0.4085315324011303,2.5352578215921917,0.8515492953537476,1.6920647844672203,1.2209618593610467,-2.724115347578412,-1.5275348999670573,-1.7979767866421579,-0.5880331009670737,-1.0544587520527697,-2.6856181976341067,0.49189905219134833,-3.763077855076907,-0.37256779929711703,0.2066844291098061,0.45409738507476594,-2.591118154426416,-1.0113107477359118,-1.5078184842353775,-3.1221173121815635,-2.6787533499743965,-1.6295518791746526,0.8393526416981504,1.7578688195152652,-1.5589961047683443,-2.605624297367675,0.20419708923214958,-1.0595315340906382,-1.849458358682958,0.9943757876753807,0.4838190142597471,1.5400401506395567,0.36816810142426265
monastery,MN0023,74,83,0.030729359496482783,0.05290647790647791,0.05434782608695652,"[['MN0023_004', 'MN0023_020', 'MN0023_005'], ['MN0023_004', 'MN0023_014', 'MN0023_056'], ['MN0023_018', 'MN0023_072', 'MN0023_071'], ['MN0023_000', 'MN0023_019', 'MN0023_021'], ['MN0023_002', 'MN0023_006', 'MN0023_008']]",0.5692307692307692,0.4368421052631579,0.7016978130952732,-2.0741873644797737,-2.5897932608511196,1.1637423154268716,0.580838027888456,1.9015666565832656,0.9556296870515153,0.08612482078574799,0.20360915725295609,-2.5962056720981725,-0.31680190238497546,1.8377998641415223,1.6082521075936589,-1.5375691443883084,-0.4338702805138923,0.3079924638810995,2.1131095939278097,0.1403297194959344,-2.3205430854011224,-0.22851148433983326,-1.9165060516144778,1.1230940275599022,-1.0036168736783233,0.4365120442533815,0.2899580292019842,0.9734536865474405,-1.479367776144598,-0.9148705321666155,1.3835248926000014,0.08065836423554935,-0.6403276283998747,1.61766135108632,0.16753715598905408,1.2435581138156153,0.9472922882367227,-1.095862429840742,-1.6803770807911516,0.45880789720025417,-2.072986734074515,0.2920439854969044,0.22290743029097448,1.9148716146780833,0.6753995097368151,0.018245382212429634,-0.9955112303330286,-0.7703685115116674,0.8429988941328751,-1.0908783966474034,-1.1247748026020221,2.2240424341698355,0.3314503094030393,-1.2247677636206955,-1.1805752970882364,-1.7630655850233459,0.959655108685429,0.5433577134878047,0.702607222908252,0.12534655858385,-1.0457062354764424,0.690451923027836,1.2488353935045164,0.37347113260546244,-0.5796710943387872,1.1918858522903237
monastery,MN0011,39,51,0.06882591093117409,0.16058522374311848,0.10344827586206896,"[['MN0011_010', 'MN0011_000', 'MN0011_008'], ['MN0011_005', 'MN0011_003', 'MN0011_019'], ['MN0011_005', 'MN0011_003', 'MN0011_007'], ['MN0011_022', 'MN0011_000', 'MN0011_008'], ['MN0011_003', 'MN0011_014', 'MN0011_000'], ['MN0011_003', 'MN0011_014', 'MN0011_007'], ['MN0011_001', 'MN0011_002', 'MN0011_008'], ['MN0011_001', 'MN0011_000', 'MN0011_038'], ['MN0011_001', 'MN0011_000', 'MN0011_014'], ['MN0011_001', 'MN0011_000', 'MN0011_015'], ['MN0011_001', 'MN0011_000', 'MN0011_008']]",0.3,0.26842105263157895,-1.4782196959623923,1.3316149353407896,-0.2802889439253471,-0.31918212102773863,-0.42101283333240413,1.5084400732213488,0.7917964450823956,-1.6704460927882256,-2.205615230095692,-2.991868852948149,0.6971207817013447,1.203225277364254,-0.2625031634592093,1.3280529282413995,0.13604546529360306,0.5953058837315975,0.27492068727047014,1.8424617865910897,1.2811712514704618,-1.6496971293519704,0.6922083237232306,3.5929639039125343,-1.0556016065634022,-1.6387388064311101,-0.9779010955244303,0.6561655092697877,-2.927391700255565,-1.4861435882556133,-1.1818688520690837,-0.36854658008385927,-2.1576593906547012,1.9123540826332874,-1.8756994650914118,-0.911876876384784,-0.8813281687788475,-2.486306948444018,0.7258453862025187,-1.3330350107489488,-1.014708744433637,-0.21293865660062203,-0.6131756340081875,1.9401144072031364,1.5825034472494361,-2.0509144006631312,1.3357600569725037,-0.9338349417234079,0.8273082983035308,1.412823408555526,-0.576384598054947,-2.6558250670249643,-2.4713666958686633,0.48183869179457617,-2.7394380546533146,0.5581945480826573,1.7962001799008784,-1.312419137893579,1.7487300271407151,-0.3669722643800271,0.4593960109572762,1.3241400833313282,-1.1119734010635278,4.4939933128846,-2.004861096636607,-2.18547924185315
monastery,MN0003,15,16,0.1523809523809524,0.0,0,[],0.11538461538461539,0.08421052631578947,2.629447312404712,-0.03615796267986297,0.026611259579658507,2.39805683195591,0.493938613931338,2.494988751411438,2.3421737432479857,1.6607754153509935,0.3625285502523184,0.8342182070016861,1.330192494392395,-2.1551761786142984,-0.18042808768029014,-0.10908708175023397,-0.8839171692728996,1.1463229114810625,0.11858957211176555,-1.5637497971455256,1.2756961104770501,0.2025951722636819,-1.6869571504493555,3.1579348308344684,2.3198856274286905,-0.8564800083637237,-0.6743371645609538,-5.8572697877883915,0.6416171779235204,-0.8152532168353598,0.5185480686525504,-0.6208848456541697,-0.8371856500705083,-2.4240435192982357,1.7097637087106705,2.014728466918071,-0.33171784232060114,-3.1689777369300525,0.35657070552309356,-2.740381948153178,0.08834107716878255,0.4071519196033478,-3.1997034629185994,0.15580318694313366,-0.25158500373363496,1.4749444584051767,0.9395106633504232,2.445524788896243,1.2244667460521061,3.7732247511545816,0.7387199381987254,1.2934275527795156,-2.5810344686110813,-0.022666487097740173,0.9901858309904734,-1.9516862774888675,-0.017220382889111836,-0.12196557720502217,0.0619499109685421,-1.0221765736738841,5.365679295857747,-0.8713933368523915,3.5157972117265066,1.3131884440779686,0.8109711992243925,1.8121962616840999
monastery,MN0028,59,73,0.04266510812390415,0.0860538043987695,0.043478260869565216,"[['MN0028_022', 'MN0028_020', 'MN0028_002'], ['MN0028_001', 'MN0028_028', 'MN0028_002'], ['MN0028_043', 'MN0028_020', 'MN0028_002'], ['MN0028_000', 'MN0028_002', 'MN0028_028'], ['MN0028_000', 'MN0028_002', 'MN0028_003']]",0.45384615384615384,0.38421052631578945,0.9392871724094375,0.920579433551658,1.2640015970347291,-0.13650011397519354,-2.609168231992398,-1.2730625268640154,1.1432955787848618,2.846761017532672,-2.4919953126523455,-0.6609963242406562,0.252115821970974,-2.353320305582957,-1.276588292492522,1.8278187644239752,1.4265643721288543,-0.7649182440334205,-0.054422728843608145,-1.4750111633438174,-0.7493525907018427,-0.3942568260481802,-3.1036804818500907,-0.8276090427475461,0.407356557388932,-1.4502319377744413,-1.3057624612445549,-2.120757128727638,0.3600904843217488,-1.9375185612904824,-2.6756059206643346,1.6061246126132496,-1.9672926949747538,-0.6230807918108116,-0.8367918833016844,1.0951403592855244,1.6564157497200926,1.5939788124760834,0.7855745941495239,-0.07987215900320117,1.468323579405324,0.25176347274396377,0.8872909626402592,0.4727977572750868,-0.4810570026353254,0.81754790225966,1.0068783953596474,-3.5104866504542906,0.08523383054692867,0.14233858525650417,-4.011861472374807,0.5814452773686183,0.22985344070751787,0.31900633246464244,-2.6528809626223677,-1.568237831658226,1.814979303300665,-1.1433768951791827,-0.09534259708756107,1.6560450532962963,-1.4005337541911087,2.6924042526190566,-1.5695144604196993,-1.5749983509718362,0.4281502827623133,3.026196820251012
monastery,MN0018,37,41,0.06156156156156156,0.11014586014586014,0.08571428571428572,"[['MN0018_018', 'MN0018_028', 'MN0018_021'], ['MN0018_004', 'MN0018_001', 'MN0018_033'], ['MN0018_003', 'MN0018_009', 'MN0018_010']]",0.2846153846153846,0.21578947368421053,-0.8129170218331588,0.2755628742680356,-0.2924644565461455,0.6648483102688113,-0.26144555935988556,2.703428370324341,1.047052378086625,0.09708216031258171,0.8874012769476788,1.4687164232537553,0.28288204263190964,0.9326642989306837,0.39102664589881897,-1.5558914457624022,1.8113511365813177,1.6016156039125211,3.3059471755011662,-0.3966681223262001,-0.44920204818953535,-2.037917841527913,-0.7805021199825648,-0.9054153381368598,0.7906983800836511,-0.515477574858311,0.2500584149682844,1.3742736151089538,3.159509782855575,-1.2561823476005245,-0.1637644207457433,-0.4953905831317644,0.6730267675341787,0.8665409680153873,0.8784418120174795,0.3368558555438712,-0.9073252565151936,1.1464083402140721,0.7059418720168036,-1.971124169794289,-1.533562368990199,-0.0428018485372131,-1.618152803615541,-1.293878403467101,-2.029641605712272,0.7826702609859608,-0.13840091399647095,-2.599278448350929,2.207743572624954,-1.1370788842590678,-0.7448737142053811,-1.1353860867990029,-2.9690690779605426,1.1222413423899058,-0.417685601809943,-0.36038398070613276,-2.127135437888068,0.07137200578644469,-0.31250998230707655,-0.14833904098014575,-0.5569212891765543,-2.218212016329572,-0.7141826027953947,-1.8538139502744417,-1.4311306096009306,0.010472653886756382
monastery,MN0009,69,85,0.036231884057971016,0.054135035656774785,0.0473186119873817,"[['MN0009_000', 'MN0009_037', 'MN0009_036'], ['MN0009_001', 'MN0009_002', 'MN0009_003'], ['MN0009_003', 'MN0009_011', 'MN0009_002'], ['MN0009_003', 'MN0009_011', 'MN0009_008'], ['MN0009_021', 'MN0009_034', 'MN0009_031']]",0.5307692307692308,0.4473684210526316,2.5707028041985156,1.4517805318793524,-0.35478648961778136,-1.4505747739711534,1.1281616552243603,-2.269699658145723,0.8705036037642023,0.3896749032040437,0.7591048954189688,1.2177937998827817,-0.08330917938787868,-0.6662294998279085,-0.9851660942253859,-4.193733501909436,-2.1510301154592764,-1.8098391868929933,1.2828968231012856,0.3938486831451672,0.13322249843158585,2.595318460594053,-0.14355471827413724,-1.3545374792015208,-0.08945032908324746,0.3777662239752818,0.3823388656196387,1.9153203155467475,-1.0665024428263954,-1.5047343096871306,0.6195613653331563,-2.672359136162677,1.2176565138953805,0.30759291199670324,-0.39922325364381506,-0.04436555898248933,0.8753148374836082,0.5959793220989514,1.5996888050458569,1.354598464984177,-0.43329922827905504,0.6101565015488777,0.915363317274529,0.03527110734063646,1.9093785237628913,0.7871133666890471,-0.6714394052607425,-0.49671249488449615,-0.06426524235934451,-2.0713481900916584,0.19838392742626046,-0.8440575054374294,-2.8762595638416815,0.6107811019418464,-0.3740687113342996,1.696881099563578,-1.4876001994462982,-0.80623050444368,0.8216624051008535,-0.543715507439945,-1.8631623702636664,-2.853697108455758,2.1618531955864984,-2.0201794978609118,1.9382948684303656,1.7675932908187741
monastery,MN0006,50,59,0.04816326530612245,0.034352941176470586,0.023346303501945526,"[['MN0006_001', 'MN0006_024', 'MN0006_003'], ['MN0006_037', 'MN0006_003', 'MN0006_022']]",0.38461538461538464,0.3105263157894737,-2.901846517920494,-0.8632664036750793,0.8807613691687584,-0.798881862014532,-0.6305463752150535,-1.6183764454722405,2.347420654296875,-1.4285003581643105,1.9162819008156657,-0.541541764587164,-3.881418069936335,-0.9482786163315177,-0.6641701500862837,-0.703663297444582,-1.2534938979148864,0.46774027138948443,-2.6240107154846193,0.38137580558657647,1.9408879077527672,1.4214568066596984,-2.95838273152709,-2.414285016655922,0.9217029076069594,-2.9810816371440887,0.8292902567982674,0.6954226222634315,1.0774237832427025,-0.9667946156859398,-0.7657912088185549,-0.3478019765764475,3.380888723284006,-3.965981847643852,0.053747890684753656,2.3012354072928427,-0.48267248779535293,1.53065515242517,2.8907078901678323,-2.927857599854469,-0.9540772411227226,2.038380054086447,0.29977435037493705,1.1652838502451777,-0.10453205153346062,-0.906508594751358,0.687668072283268,1.1629756003618241,1.0612484871223569,2.3949887166917323,1.0857749290764331,-0.6505223268736153,-1.9818413119018077,0.8639918663352728,-0.11208049163222313,-0.2996809444576502,2.2557437201961874,-0.05524783052504063,-0.2500657823681831,2.134722319152206,0.41352410078048707,0.24083338744938373,-1.8318900883197784,2.056033906415105,-0.03596219327300787,0.6101783943548799
monastery,MN0001,35,47,0.07899159663865546,0.16218733647305075,0.1,"[['MN0001_006', 'MN0001_030', 'MN0001_031'], ['MN0001_006', 'MN0001_030', 'MN0001_032'], ['MN0001_003', 'MN0001_008', 'MN0001_014'], ['MN0001_003', 'MN0001_008', 'MN0001_021'], ['MN0001_003', 'MN0001_034', 'MN0001_002'], ['MN0001_019', 'MN0001_002', 'MN0001_013']]",0.2692307692307692,0.24736842105263157,-2.1139847261698117,0.37471011706760954,-0.0347522625167455,0.9050126482333456,-0.3679022176989487,-0.4193148809489295,1.9789037792810371,2.608220262186868,-2.5371919196747643,-1.3638756391810083,3.1445558707628933,0.8328129053115845,3.002935781649181,-0.6478656282382352,0.1589591615966388,0.2816631489233779,1.323751794227532,0.9506076481725488,2.5568257553236826,0.8176534150327955,-2.854810470342636,1.6705029138496943,-0.928367246900286,-1.3270008144933465,-0.15203074216842652,-0.29570856264659334,0.15749610545379775,-0.3137640450681959,1.1350920741579362,1.0071625713791166,3.4181105732917785,1.0796025059052876,-0.7435484261385032,-1.8269681047116006,-0.3595379793484296,0.7516676366329194,2.5478094705513548,-2.21521488523909,-1.9459142251472388,-1.846885217513357,-0.2957469627793346,1.145916603824922,1.797940216745649,2.0073319975818906,0.5335858527038778,1.4330550986209085,-2.541326882158007,-1.1605878306286677,0.3612160604979311,1.45709333345294,2.5187339345259327,1.6107125949380654,0.9590530719075884,-0.7782394334673881,-1.089750337600708,-0.6295417353510857,-3.8936742944376808,0.21659019930022103,-2.7195945075580052,0.12766122562544688,-0.4473413367888757,0.3618910116808755,-0.04398567591394697,-2.9494657601628984
mosque,MS1544,95,105,0.023516237402015677,0.02534442166021113,0.02697841726618705,"[['MS1544_019', 'MS1544_044', 'MS1544_003'], ['MS1544_022', 'MS1544_001', 'MS1544_004'], ['MS1544_000', 'MS1544_002', 'MS1544_094'], ['MS1544_000', 'MS1544_002', 'MS1544_003'], ['MS1544_004', 'MS1544_001', 'MS1544_002']]",0.7307692307692307,0.5526315789473685,-0.20360965664057354,-0.6593130461675556,0.8063989831820915,-1.0012050935900525,-1.330181210213586,2.503017757411458,-1.2811820373527314,0.6349069372015564,0.40953076521032733,0.767276460731304,-0.800512267678584,1.4980362206697464,-0.06170116464950536,-3.303326919831728,0.5892057632598536,-1.7213695706309458,-0.8113937411849436,1.0302816833320416,2.5775175965930286,0.0769468522385547,-0.5530274884089044,0.317458637607725,-0.5912743360392357,1.567775625304172,-0.5946945744517602,0.5240391720282404,0.017898866377378767,-1.472690704504126,-0.7229463659030827,2.005350492669171,-1.6701489607166302,0.29117298126220703,-1.0329740615365537,-0.12713172069113504,-0.3586776847117826,-1.1725527754935778,1.3507425798397314,0.961747569590807,-1.3371541072173339,-1.5174919978568429,-1.813871145981217,0.6021299425120417,-0.07476226102658792,2.167129783489202,-0.2811597813116877,1.865981429383943,-1.721830674613777,-0.5988204078332178,0.3011241853237152,0.062173034799726384,0.6521171448850318,0.6986061967713268,-0.7148833583844335,-0.2044442410139661,0.6233842163199657,-0.9012843931142829,-0.2458468267007878,0.8579895024825084,1.3245851091648404,0.77544958983597,-0.6072475620202328,-0.49717689017324074,-1.3573881894350053,0.6139100137117662
mosque,MS1447,43,47,0.05204872646733112,0.07751937984496124,0.019169329073482427,"[['MS1447_015', 'MS1447_008', 'MS1447_017'], ['MS1447_007', 'MS1447_025', 'MS1447_018']]",0.33076923076923076,0.24736842105263157,0.8009848670904026,1.2024498221486113,-1.8910985595958179,1.9139523468911648,-3.8477839460206584,0.28437353783763597,1.5083710471558016,0.07276738833549411,-2.1510312522566597,1.5356797934618107,1.4551372451837672,1.8948061944440353,-0.20773734360240226,-1.6596505070148513,-1.0753228757963624,0.47384226740186297,-0.012359578920484976,0.6847650776075762,1.7427922819936,1.1414219672726684,0.8752769959527392,1.232677747777035,0.6631951124169105,-1.2827159970305686,-0.01006910534099091,1.5935080675191657,1.1071028841096302,-1.2171668575773404,0.7146926099477813,-1.1575818292276805,0.16093661133633103,0.4571008567893228,-0.8135147351165151,1.3747364733108254,-4.177677781082863,-0.24290888810660258,0.10028932468835698,0.7719782428859279,0.8575269095924531,0.47881413892258046,0.6519760911807765,-1.336429012874358,-0.9891274690974591,-0.30441054840420567,-1.1472084248752528,-0.8584127720705298,2.899407973123151,0.9893248332447784,-2.0736198026773542,0.5647879736227265,4.6541775790757915,-1.0493977229695681,0.11559430516303279,-1.0402537352773686,1.1032345277625462,-1.694705532040707,0.3558110479958529,0.16237942324301533,-0.392258457969441,-2.013717104043259,-1.302777962629185,-0.2074803617555475,1.1253311405348223,0.2866370376459388
mosque,MS1449,10,11,0.24444444444444444,0.17333333333333334,0.24,"[['MS1449_002', 'MS1449_005', 'MS1449_004'], ['MS1449_002', 'MS1449_005', 'MS1449_006']]",0.07692307692307693,0.05789473684210526,0.844178993999958,-1.0221508890390396,0.27060049772262573,0.5500862313434481,-0.3022412475198507,-3.0904566764831545,1.2203689336776733,0.467806757800281,2.568161499500275,0.5376709023490548,2.555095684528351,0.6045521557331085,3.0791277289390564,1.0360012650489807,-2.338384693861008,0.9510934561491012,0.7962720051407814,-1.2735669672489167,-0.6615663945674897,-0.532019529119134,0.06123896837234497,0.303698973916471,3.7922430001199245,1.6994517922401429,1.5260064870119094,0.7935926164500415,1.458918210864067,-2.350674903392792,1.221156034618616,-0.3207773596048355,1.8333847284317017,1.874009132385254,-0.42599269151687624,0.9423986494541168,0.6923750983551145,-2.203764921426773,0.232927555590868,0.7916048914194107,0.24267494827508926,-0.468888583779335,-2.8585665225982666,3.3785458594560622,-1.6240182811394335,1.6886703073978424,-1.4039804011583328,-0.5209059298038483,-1.8223732620477677,0.8803611867129802,-2.218726509809494,1.6256817370653152,-1.343088226020336,1.546961736679077,-0.32994987629354,-0.06710537560284138,0.8012380700558424,-0.4479155868291855,0.9684902377426624,0.6637547492980957,0.2158484522253275,-2.572280299663544,-3.531914162635803,1.665486252307892,-1.6046805560588837,-1.4082349339500069
mosque,MS1307,14,13,0.14285714285714285,0.0,0,[],0.1076923076923077,0.06842105263157895,-0.7260289599320718,-0.10370886964457375,0.008094349343861853,0.9511011386556285,-0.5874290466308594,0.4283546925123249,-1.585675013916833,-0.2786929937345641,-1.243626455111163,-2.5955083795956204,0.2901605511350291,0.002987522631883621,0.7457143738865852,-3.621338725090027,2.7291331631796703,-1.6851110458374023,1.7180162881101881,-3.5967922380992343,0.11377581315381187,0.3295518532395363,1.0599254305873598,-1.1789725364318915,-0.07680552399584226,-0.3932640983590058,1.3613331488200597,1.1014734719480788,-1.3401087181908744,1.0577572930072034,0.20761960744857788,-3.263525196484157,0.7518657126596996,-0.02247942512622103,2.7579485092844283,-1.0995995658366675,-1.2174570262432098,-0.5123941600322723,-0.6387657528269172,-2.0323420705805932,0.6282748979117189,-1.236885449716023,-3.0606850726263866,1.2988179045330202,1.4056196468217033,-0.36692535132169724,-0.6630722300282547,1.2838505378791265,2.587677368095943,0.17006700805255345,0.7409467590706689,-0.2470158508845738,0.8214728640658515,-0.8704013494508607,-0.49812302578772816,0.4760193005204201,-0.5362958833575249,0.08912023050444466,-1.6301975271531515,-0.837470955315179,-1.0279323519872767,-1.2917956789689404,-1.3704433930771691,0.5664351837975639,0.7258367051503488,-0.8526682704687119
mosque,MS1603,75,95,0.03423423423423423,0.35390066564260114,0.028106508875739646,"[['MS1603_000', 'MS1603_046', 'MS1603_057'], ['MS1603_000', 'MS1603_052', 'MS1603_044'], ['MS1603_000', 'MS1603_069', 'MS1603_024'], ['MS1603_000', 'MS1603_047', 'MS1603_056'], ['MS1603_000', 'MS1603_045', 'MS1603_055'], ['MS1603_000', 'MS1603_068', 'MS1603_023'], ['MS1603_000', 'MS1603_039', 'MS1603_051'], ['MS1603_000', 'MS1603_053', 'MS1603_017'], ['MS1603_000', 'MS1603_058', 'MS1603_067'], ['MS1603_000', 'MS1603_058', 'MS1603_061'], ['MS1603_000', 'MS1603_035', 'MS1603_064'], ['MS1603_000', 'MS1603_060', 'MS1603_008'], ['MS1603_000', 'MS1603_008', 'MS1603_062'], ['MS1603_000', 'MS1603_001', 'MS1603_026', 'MS1603_002'], ['MS1603_000', 'MS1603_001', 'MS1603_004'], ['MS1603_000', 'MS1603_040', 'MS1603_002']]",0.5769230769230769,0.5,3.507496361732483,1.8710520925124485,1.4673267176002265,0.8226190277934075,-1.4174886823445558,-1.7835166618227958,-1.2820069708426793,-0.361955606341362,-0.5614751322070758,0.764302893280983,1.4434566244731346,2.7726642282058793,-1.485427683889866,-1.2891830815499028,0.06614175081253051,-0.38563059174766146,-2.248954419530928,0.1386993618600536,-1.9744206690291564,-1.009176686356465,0.04252785583337148,0.03436753616047402,1.2491381963094075,0.309987740094463,0.34365980421503384,0.41629497076074284,1.7798177965482076,-0.46685629854599636,-2.146737849016984,-2.8711551568160454,-1.5234829724828403,0.5340971507504583,-0.507309648282826,0.9710242344268287,-0.1845549577722947,1.0855136184891065,-0.16666607898970445,-1.10236637900273,-2.2010360356916983,-0.9896705952535073,0.6437963760520021,3.4332110066711903,0.12990964035193125,-2.7880881134668987,-0.15955254957390327,1.2804133942568054,0.18862854611865865,0.7458416628837585,1.351458236152927,-0.7340225397050381,0.2401114112138748,1.8638471455375354,1.8854592544088762,-0.3892129803697268,-1.5147367179642122,0.9768159002065658,-2.1491438535849254,-1.653143750478824,-0.46973217675151924,2.9707614109913507,-0.5607810698077083,1.4811588158955176,1.1171613685786723,0.76265818019708
mosque,MS1561,89,138,0.035240040858018386,0.2314670825751802,0.08984660336011688,"[['MS1561_004', 'MS1561_001', 'MS1561_006'], ['MS1561_004', 'MS1561_001', 'MS1561_012'], ['MS1561_004', 'MS1561_028', 'MS1561_012'], ['MS1561_032', 'MS1561_001', 'MS1561_016'], ['MS1561_008', 'MS1561_001', 'MS1561_006'], ['MS1561_008', 'MS1561_001', 'MS1561_012'], ['MS1561_011', 'MS1561_012', 'MS1561_021'], ['MS1561_033', 'MS1561_001', 'MS1561_003'], ['MS1561_033', 'MS1561_001', 'MS1561_016'], ['MS1561_030', 'MS1561_001', 'MS1561_015'], ['MS1561_082', 'MS1561_001', 'MS1561_019'], ['MS1561_000', 'MS1561_010', 'MS1561_086'], ['MS1561_000', 'MS1561_010', 'MS1561_012'], ['MS1561_000', 'MS1561_037', 'MS1561_016'], ['MS1561_000', 'MS1561_083', 'MS1561_031'], ['MS1561_000', 'MS1561_048', 'MS1561_003'], ['MS1561_000', 'MS1561_001', 'MS1561_003'], ['MS1561_000', 'MS1561_001', 'MS1561_002'], ['MS1561_000', 'MS1561_001', 'MS1561_019'], ['MS1561_000', 'MS1561_001', 'MS1561_015'], ['MS1561_000', 'MS1561_001', 'MS1561_043'], ['MS1561_000', 'MS1561_001', 'MS1561_016'], ['MS1561_000', 'MS1561_001', 'MS1561_027'], ['MS1561_000', 'MS1561_001', 'MS1561_012'], ['MS1561_000', 'MS1561_086', 'MS1561_043'], ['MS1561_000', 'MS1561_088', 'MS1561_087', 'MS1561_040'], ['MS1561_000', 'MS1561_035', 'MS1561_016'], ['MS1561_000', 'MS1561_034', 'MS1561_015'], ['MS1561_000', 'MS1561_039', 'MS1561_015'], ['MS1561_000', 'MS1561_040', 'MS1561_012'], ['MS1561_000', 'MS1561_022', 'MS1561_043'], ['MS1561_000', 'MS1561_022', 'MS1561_012'], ['MS1561_000', 'MS1561_079', 'MS1561_019'], ['MS1561_021', 'MS1561_022', 'MS1561_012'], ['MS1561_038', 'MS1561_001', 'MS1561_015'], ['MS1561_025', 'MS1561_024', 'MS1561_012'], ['MS1561_036', 'MS1561_001', 'MS1561_015'], ['MS1561_036', 'MS1561_001', 'MS1561_016']]",0.6846153846153846,0.7263157894736842,0.31872884680129837,-1.0245301326674021,1.083494211097112,0.022559327057698805,-1.0207227861503494,-1.2554239790802926,0.5681723072618675,-2.7121483472625862,0.7383841882941177,-0.2451712094911824,-0.01441529460167617,0.754947376217735,1.8498069911023205,-1.1412888573629132,0.14524550329935684,0.07869680853707067,-0.6012713611125946,-3.186641525016742,0.15647005611701,-0.10894595082388835,1.5338702475380026,-1.5645137006061132,1.0194649472204822,-1.036266386514174,-1.983204930999808,-1.5034651209631662,-1.192067337421219,1.162080324432823,-0.15709264542949333,2.1629800350311097,-1.349775134836941,2.2589390997806293,2.4073842403510315,1.9752259360563553,1.8081003306956773,0.1680511235144366,1.8567773227611284,-1.2700554241290254,1.8045409752770192,-0.9566986774293225,2.808781154367424,-1.4906216529773528,-0.8740801201201975,0.9216262890716617,-2.42205853140756,1.6942343966344768,0.16937697262325313,1.2577692534607112,1.2264894075021986,-2.618608447314983,2.845024280260537,0.6373787564173173,-1.1515831851140135,-3.5280596633975425,-2.4770251217852817,-0.4916202702214209,3.209819861447041,-3.277953694710571,-0.7060699720626299,-1.0555782155604678,-0.6963651363601845,-0.07852676833111248,-2.268306738581885,-1.5462951397920928
mosque,MS1543,130,190,0.022659511031604056,0.13613502677982314,0.044962531223980015,"[['MS1543_084', 'MS1543_014', 'MS1543_082'], ['MS1543_022', 'MS1543_001', 'MS1543_011'], ['MS1543_005', 'MS1543_004', 'MS1543_060'], ['MS1543_055', 'MS1543_013', 'MS1543_047'], ['MS1543_002', 'MS1543_008', 'MS1543_001'], ['MS1543_002', 'MS1543_008', 'MS1543_017'], ['MS1543_006', 'MS1543_016', 'MS1543_094'], ['MS1543_006', 'MS1543_016', 'MS1543_119'], ['MS1543_020', 'MS1543_038', 'MS1543_033'], ['MS1543_024', 'MS1543_003', 'MS1543_027'], ['MS1543_000', 'MS1543_028', 'MS1543_029'], ['MS1543_000', 'MS1543_029', 'MS1543_034'], ['MS1543_000', 'MS1543_054', 'MS1543_046'], ['MS1543_000', 'MS1543_017', 'MS1543_007'], ['MS1543_000', 'MS1543_014', 'MS1543_092'], ['MS1543_000', 'MS1543_014', 'MS1543_121'], ['MS1543_000', 'MS1543_014', 'MS1543_088'], ['MS1543_000', 'MS1543_014', 'MS1543_090']]",1.0,1.0,0.7749108807828564,-1.7092263218301993,0.44800169095396997,0.26734790531560204,1.8177841362185203,-0.9097204201210004,-0.7047570652113511,-0.7078855470682566,-0.7930622230355556,-0.4133595975402456,-0.3760349429284151,-1.839142288783422,1.6125307861070795,0.3953551156876179,-0.7928641381745155,1.1536408851281381,1.1730992068097783,1.902746758151513,0.518005109205842,0.3116707365816602,-0.5455932970803518,0.0063009537183321435,1.145638358191802,0.46566019579051776,-0.07530908780172467,1.4932736602253638,0.5562726024430819,1.170066551412814,-0.023742923978716135,-1.2685161755062067,0.13396387411317287,-0.8220629814009254,-0.4236701040027233,-1.365996297233953,-2.0963748779434423,-0.08773566139145539,0.5688755128640108,-0.45023074387930906,1.542840795677442,-4.055384954237021,0.13776890240036524,-1.082867476544701,1.8658792542723508,-2.0408769251071277,0.0916894361233482,-2.780080647508685,1.8741057162101453,0.020117426506028727,-0.1247345937254767,0.6455200753246363,-0.21694668763532088,1.163775753100904,-0.6354574737371876,-0.42938669291862214,-1.247696410234158,0.2761489363243947,-1.7209032863951645,1.2897138805343555,0.8513775220713936,-0.3931680355937435,0.31260662557503494,1.437053307547019,-2.884350329422607,0.8497002893915543
mosque,MS1303,34,41,0.07308377896613191,0.13291316526610644,0.09090909090909091,"[['MS1303_011', 'MS1303_002', 'MS1303_030'], ['MS1303_011', 'MS1303_002', 'MS1303_029'], ['MS1303_026', 'MS1303_027', 'MS1303_012'], ['MS1303_001', 'MS1303_027', 'MS1303_017'], ['MS1303_001', 'MS1303_027', 'MS1303_012']]",0.26153846153846155,0.21578947368421053,-1.3276940974242546,-2.7326524713460136,-2.7451535182840683,-0.7809313384487349,1.066900268635329,0.6141343419166172,-0.9319227399194941,-2.2475290156024346,-2.2175794260247663,-0.3618556712480152,-2.153297731981558,-0.3271047270254177,1.2021231830722707,-1.6801407825859154,-1.273547459188301,1.2130145732970798,-1.5237637020866661,-0.7928048061097369,-1.524514206630342,-1.2944480895119554,1.2467532438390396,1.0425011498086594,1.390472285778207,-1.1610771236146855,2.9675274692914066,-1.353483602651121,1.664947607937981,-3.008321745430722,2.312463446794187,-0.49904557607848854,2.0403467949260685,1.2671979898039032,-1.3575681325267344,1.8218022948678803,-0.23798749513704986,-0.3992726577117163,-0.07352978330762948,3.4475445313488735,1.1191061054192044,-0.34479209977914305,-1.8841249130337554,-0.9841873220661107,3.1724398745333446,1.7293350129004788,-2.3637690151329425,2.1556032192619408,1.39181547480471,2.085388349917005,0.03081372451475438,-1.2204547701951336,0.6727190517327365,2.5107716731727123,-2.152290441314964,1.5023034468621892,-0.3012135725687532,-0.3070070414858706,-1.4690204555415274,0.7021825492162915,0.03306074528133168,1.780472126953742,-1.8777424132122713,0.000846525325494654,2.7075697551755344,-1.4845554666484104
mosque,MS1576,9,11,0.3055555555555556,0.0,0,[],0.06923076923076923,0.05789473684210526,-3.014354798528883,1.100212527645959,1.2811427116394043,1.1344807247320812,1.4593777159849803,3.861717700958252,3.449294196234809,0.47014378425147796,-2.4933173987600536,1.933647374312083,-0.29889610409736633,-0.11852923366758558,-0.2481865245434973,0.18134921292463937,1.1489129149251514,-2.461882382631302,2.9930666950013904,1.0305888288550906,-0.3390815763009919,3.423051847351922,-1.412761536737283,-0.14381805393430921,-1.4713307122389476,-1.241402546564738,-1.1726654685205884,-2.588547815879186,1.1001853934592671,-0.47692755195829606,1.7451279554516077,0.7096446139944924,-1.341894845167796,-1.9613007704416912,1.7572506931093004,1.7012447681691911,-1.1256312326424651,-1.306518167257309,0.24773623297611871,1.3351887745989695,-2.3188527292675443,0.27473244153791004,1.7616797420713637,0.4273013240761227,-1.9994449085659451,-0.5173194474644132,0.3679821574025684,-2.1746780541208057,0.7445935938093398,0.828137069940567,2.3280641635258994,1.1276986646569438,0.3093756280011601,-1.6111013951400917,0.5408096942636702,0.4107567270596822,-0.5615374164448844,-0.6784080962340037,-0.366788639790482,-0.5624992549419403,-1.1620750737686951,3.473784777853224,0.09098260270224677,1.0919045226441488,-1.2198374602529738,0.7984696385554142
mosque,MS1614,46,50,0.04830917874396135,0.12412949369471109,0.032,"[['MS1614_028', 'MS1614_003', 'MS1614_022'], ['MS1614_001', 'MS1614_002', 'MS1614_009'], ['MS1614_001', 'MS1614_004', 'MS1614_045'], ['MS1614_001', 'MS1614_004', 'MS1614_044']]",0.35384615384615387,0.2631578947368421,0.9720724422646605,-0.875232749497113,1.9393997053696734,2.687898301286623,-1.125169863195523,0.6584163455940459,1.7235266112762948,-0.2500464580953121,-0.47088807821273804,-3.2349844516619393,-0.6633690022256064,2.56784623083861,-1.5949385043071664,-0.9450764360270746,-0.7472495065961519,-2.3743173007083977,1.064086072577123,1.3550740187258825,0.5329717114243818,0.17897966042484925,1.9170717046312664,-0.591199954526256,-0.3207419470924398,-1.4504687513994134,1.2387693459573,0.5682026063618453,1.9619675699783408,2.286561775871593,0.6144184265538807,0.0901827561142652,0.7101901442460392,1.3197012307203335,1.7110039306723552,-0.9406903810475183,-0.9667053310119588,-0.8617212921380997,1.691879102109891,-1.9581772017738093,2.457891876282899,-0.9933748504389888,-0.0016870621348852696,0.14501647132894266,0.5679049547761679,1.306950303422206,-1.9715861224609872,0.6360114108285179,-1.8182542155618253,0.9984562617281209,-3.1573088049304006,0.6904692190152634,0.06603558386331829,-0.020572928104387676,-1.131021987484849,-0.37375970589725865,0.6538166496092859,0.9156477253722108,-0.7044623066549716,0.9059350697890572,3.512726683979449,2.8911493576091267,-0.8086304341888298,0.5801267232847117,-0.4851383552481623,1.1081148743953393
mosque,MS1445,4,4,0.6666666666666666,0.5833333333333333,0.6,"[['MS1445_001', 'MS1445_002', 'MS1445_003']]",0.03076923076923077,0.021052631578947368,0.7377229481935501,4.636037111282349,-0.6262327618896961,3.5496304631233215,0.5873205959796906,-0.3842717707157135,-1.3930307030677795,1.317358285188675,0.3999810680979863,0.15182430669665337,-0.25321246311068535,-5.413354575634003,2.304915428161621,-3.5855283737182617,0.3600176824256778,1.8771506249904633,0.1517430618405342,1.0294750705361366,2.059994637966156,1.4835510849952698,1.086082562804222,1.7133342176675797,1.2386409044265747,2.777191698551178,0.9633059501647949,1.4925609230995178,2.623804658651352,-0.33164672553539276,-0.9903081655502319,1.6262266039848328,1.3062241077423096,0.6869808584451675,1.9253572225570679,2.0263523161411285,-3.209275484085083,0.9007018506526947,-1.9819604754447937,-1.1441155076026917,-0.6621307358145714,-0.7140768766403198,-3.5645918250083923,2.6850676834583282,1.0759458541870117,-0.016702959313988686,-1.1350448727607727,-1.7407358884811401,1.1752366125583649,2.257796823978424,0.8270869851112366,2.6897451877593994,-0.5151551365852356,-2.538808912038803,-1.1045462638139725,-1.5541918575763702,-4.329453110694885,-2.890581429004669,-1.0759069174528122,0.41253160685300827,-1.7000346928834915,-0.4147391505539417,-1.4904888272285461,-3.8867430686950684,0.48407232761383057,0.1269846564537147
mosque,MS1573,36,47,0.0746031746031746,0.15743334370785353,0.10344827586206896,"[['MS1573_014', 'MS1573_001', 'MS1573_004'], ['MS1573_007', 'MS1573_006', 'MS1573_001'], ['MS1573_007', 'MS1573_006', 'MS1573_025'], ['MS1573_007', 'MS1573_006', 'MS1573_029'], ['MS1573_007', 'MS1573_006', 'MS1573_009'], ['MS1573_007', 'MS1573_016', 'MS1573_001'], ['MS1573_035', 'MS1573_016', 'MS1573_002'], ['MS1573_002', 'MS1573_001', 'MS1573_016'], ['MS1573_002', 'MS1573_001', 'MS1573_004']]",0.27692307692307694,0.24736842105263157,0.6755998910197781,-0.8829660502572855,-2.7495618036741183,0.6953478443125883,-0.9354232724549042,1.5788102195494704,0.5729942021296464,3.1544025474124484,0.5701129350604283,-0.14917932510272497,-0.355289563536644,-0.7398171317246225,0.09298353497352865,-3.555362491764956,1.256104362507661,0.10591159885128339,-0.3408792923308081,0.44632019516494537,-3.1166368342108197,0.5194621345597423,2.7053133878442974,-1.0451751585221953,2.9325491967869715,-4.144321613220705,0.3283339420385245,-0.6644266583025455,-2.0551789199622967,0.32256453504992855,0.5976237129006121,1.53943754442864,1.5782361254096031,0.4599731183714337,-1.0528932292428281,-0.9927337997489505,1.0267254461521387,-2.3799449226094618,2.400497905392614,-0.55030733678076,1.8798739090561867,-3.6997715360743717,-0.020752334346373875,-1.1041034126861229,-2.0935060650420687,0.5384246112985743,4.584814762075742,-2.2051871336168714,0.22575893533131522,-1.1511461941732302,2.1848679955841765,-1.5300093922350142,0.6114797033757592,1.0370413814153936,-0.2754168435931206,0.7173041549200813,0.4769463333197766,0.6765770543780592,-1.1069824051939778,0.8621673683325449,-0.11650844130458103,1.1181526341372066,-2.1315262409754925,3.438978747361236,0.6117852436792519,-0.867919847369194
mosque,MS1621,4,3,0.5,0.0,0,[],0.03076923076923077,0.015789473684210527,2.1337726712226868,0.5352649241685867,2.48136904835701,2.4171260595321655,-0.7776095271110535,-0.5591273307800293,0.3985053598880768,-2.946987509727478,-2.3286482989788055,2.6910422444343567,1.9633441269397736,1.275515466928482,2.090441405773163,1.0906376615166664,1.4485686123371124,-1.7785072922706604,-0.1464746780693531,3.465022325515747,0.6717534624040127,0.6873001977801323,-4.359653174877167,1.2349105179309845,0.5716513842344284,-3.4464532136917114,0.5185116529464722,-0.2595563232898712,0.26004954474046826,-1.4697671830654144,2.774136394262314,1.4869954288005829,0.724009707570076,1.1634856760501862,-1.4703419208526611,0.1693686544895172,0.8179218545556068,1.2353895008563995,-0.8186617083847523,1.6936877220869064,1.9394515752792358,-3.570503532886505,-0.007868364453315735,-0.5084137842059135,-0.8839217573404312,0.9372424744069576,1.0288199186325073,0.46505768690258265,-1.9106683731079102,1.1739981919527054,0.051682531367987394,0.1474040625616908,-2.9849388003349304,0.7213012129068375,-0.6776225864887238,0.038210295140743256,1.6546205580234528,-0.3934415616095066,1.5763940215110779,0.7247664034366608,3.6978082060813904,-1.8181500434875488,-2.5333419740200043,0.09516206383705139,2.9624240398406982,-1.4273020029067993
mosque,MS1317,74,83,0.030729359496482783,0.035242385242385245,0.05042016806722689,"[['MS1317_010', 'MS1317_003', 'MS1317_013'], ['MS1317_007', 'MS1317_037', 'MS1317_067'], ['MS1317_007', 'MS1317_037', 'MS1317_060'], ['MS1317_005', 'MS1317_066', 'MS1317_001']]",0.5692307692307692,0.4368421052631579,-2.907988616391211,-1.0469231709800157,-0.6898486257587383,0.8082641727335097,-0.8112989124099447,-0.05728622160638003,-0.3074651407738644,0.2728796339581242,-0.32964815244053464,0.3050463116276267,1.7591281294047114,-0.898741987285305,-1.99448476388352,-1.3731267108657472,0.09436408386288865,-0.04200338812645625,-1.4425025363610051,0.12961471553048673,-0.022142926061123207,2.146306381367361,-1.1547899569158215,-0.07003967485365432,-1.5316024449012067,0.06436855035576013,-0.5709354368815627,1.0136666739457034,0.978600081166479,0.7101982186133092,0.667874335047059,-0.23674419175241948,-0.439908018493018,1.7647469761982761,-0.26936716932883625,0.050981594875731784,0.01357217803849159,-1.22107450565877,-0.8456693731839895,-0.13673028650668426,-1.2467502709855702,-0.2597939330562194,0.052380287925385544,-0.22851436408637785,-0.864223172296644,0.3798159046501324,-2.3075826677833557,-1.2185810184471209,0.7350043972310724,-0.4714248560249453,0.3060583431066039,-0.7630032745466845,-0.4588270839225073,1.1797973252707035,-0.1581562827003025,1.2586024512373213,0.42064188411176157,0.1691957174586384,0.14650326718676937,1.1835295531986836,1.284528798183011,0.5187929527066346,0.5514445991783932,1.0703109440179794,-0.4051974937193901,-0.3975962350731779
mosque,MS1563,99,114,0.02350030921459493,0.10510241722362934,0.018456375838926176,"[['MS1563_040', 'MS1563_046', 'MS1563_009'], ['MS1563_016', 'MS1563_004', 'MS1563_010'], ['MS1563_009', 'MS1563_049', 'MS1563_036'], ['MS1563_045', 'MS1563_042', 'MS1563_010'], ['MS1563_006', 'MS1563_001', 'MS1563_003'], ['MS1563_000', 'MS1563_017', 'MS1563_008'], ['MS1563_000', 'MS1563_001', 'MS1563_003'], ['MS1563_000', 'MS1563_001', 'MS1563_008'], ['MS1563_000', 'MS1563_001', 'MS1563_012'], ['MS1563_000', 'MS1563_001', 'MS1563_013'], ['MS1563_000', 'MS1563_001', 'MS1563_005']]",0.7615384615384615,0.6,-1.7455380348996683,1.4774581127696567,1.5429525664358428,1.5516519680280576,-0.22719073927763736,0.6402471816367729,3.7277606199636604,-0.14887168529358777,-1.1445417191852072,-0.6463084505268871,-0.8215930829144488,-1.4230932426272016,1.0915432743953937,-0.4731954394867926,2.3246800189819,1.835637644836397,1.894879061201907,-1.7786900764049003,-1.162885469469157,-0.21711210010930745,1.6016490707794826,0.8435989513504084,2.000546679879078,0.03620676605990439,1.1218185462810175,2.43565086819081,-1.1910089120043046,0.9331021334016414,-1.9605933229787031,-2.1563414361215,1.1117489459275296,-0.6404821289834952,-1.3825151427940587,0.9259488487785513,0.18716786743313393,0.12824727481964862,0.10957486460907291,1.5781623299205394,1.027847560743491,-0.17201135863521785,-0.01047291343730658,-1.248889597320948,-0.0753700417099577,-2.341564880326541,-1.422108172650703,1.5675464406459019,-3.3662991597495897,-0.5491808086934716,-0.7725805433636362,-0.6843126844614744,0.30559947979495383,0.8286885718222369,1.2512514799591647,1.6270859774032778,1.2718173752802264,-0.08487353573383932,1.2394657565111464,1.3229645127900924,1.1392663473432714,0.41036168087010433,-0.07427153871818022,-1.3126644861668046,-0.13166494524539119,0.41196613002455595
mosque,MS1279,14,15,0.16483516483516483,0.10238095238095238,0.10344827586206896,"[['MS1279_001', 'MS1279_013', 'MS1279_003']]",0.1076923076923077,0.07894736842105263,-1.0049561155693871,-1.352820482637201,0.2247415796986648,-0.014004027204854148,3.4758534814630235,0.8826588339039257,1.4825963228940964,1.5828132459095545,-1.0577778507556235,2.347979794655527,1.5314025368009294,-0.44436211872380227,1.768517519746508,-2.177095202463014,2.7930523327418735,0.8660956259284701,0.10622998859201159,-1.2924105418579919,0.6945325796093259,-3.9609375851494923,-1.4587414397725038,0.9971860519477299,0.9743312578648329,1.4378971899194377,0.6248459637697253,-1.225786004215479,-0.897006972958999,2.1152362653187344,-1.639780417084694,-0.1695112692458289,0.35691632623119013,0.06964348895209176,1.73941800996129,3.7851180859974454,-2.2210271997111186,1.0316486124481474,-1.159920902124473,-1.3812384413821357,-1.3436070908127087,-0.5853879973292351,3.470734408923558,-1.35309157201222,1.4386755440916335,-0.3802255338856152,4.259210082037108,1.5299850180745125,0.6370820187564407,-1.0179369828796812,2.8674201369285583,1.1803807935544424,-2.452559288058962,-0.055679402713264735,-5.0653689077922275,1.8013868587357658,-0.7459094715969903,-1.4189935539449965,-0.7719925258840833,-1.1790489256381989,-1.7453112942831857,1.6584251054695673,1.676883652806282,-0.317197960701638,1.7420993915625982,2.4418183309691295
mosque,MS1609,22,36,0.15584415584415584,0.6910885167464115,0.13803680981595093,"[['MS1609_000', 'MS1609_002', 'MS1609_008'], ['MS1609_000', 'MS1609_002', 'MS1609_009'], ['MS1609_000', 'MS1609_002', 'MS1609_019'], ['MS1609_000', 'MS1609_002', 'MS1609_010'], ['MS1609_000', 'MS1609_002', 'MS1609_011'], ['MS1609_000', 'MS1609_002', 'MS1609_013'], ['MS1609_000', 'MS1609_002', 'MS1609_017'], ['MS1609_000', 'MS1609_002', 'MS1609_006'], ['MS1609_000', 'MS1609_002', 'MS1609_012'], ['MS1609_000', 'MS1609_002', 'MS1609_015'], ['MS1609_000', 'MS1609_002', 'MS1609_016'], ['MS1609_000', 'MS1609_002', 'MS1609_018'], ['MS1609_000', 'MS1609_002', 'MS1609_005'], ['MS1609_000', 'MS1609_002', 'MS1609_014'], ['MS1609_000', 'MS1609_002', 'MS1609_020']]",0.16923076923076924,0.18947368421052632,2.1719462356784125,-0.15017400140112097,1.2116347957741131,0.9227591658180411,0.3591399452733723,-1.6382098225030033,2.246749437668107,1.707561338489706,-0.7714416276324879,-0.7554450163787062,1.227196681228551,1.6628443978049539,-1.0734166486442767,-1.3033493228934028,0.09649320488626306,2.013633355498314,0.9981563145345056,-1.5191636735742742,-0.6840606548569419,2.0455961254510013,-3.5016806559129194,-0.7309069563634694,1.438750765540383,0.2828220643780448,1.3105598904869773,1.7789465630934997,-3.220515727996826,0.37094326331068506,0.8586481911214915,1.2312005866657605,-0.36009117419069464,0.9628656120462851,0.3761149143630808,1.0137862373482098,-1.63305003805594,-0.9249404726380651,-1.661161951043389,-1.2790978891267017,-2.590006686069749,0.7504417665980079,-0.5475764328783209,-1.4497155790979213,1.0190612145445563,0.4664514464410869,-0.3327550115910443,-0.9130226861346852,1.5453277609565041,0.9230189695954323,2.909513858231631,-1.111424532803622,-0.49150905053300614,-0.13074989976700058,0.5660346460274674,-2.0032081305980682,-0.6867059198292819,-2.1638897467743266,1.404572535644878,3.406816813756119,2.9123986634341152,0.45422556454485113,-3.0816027860749853,0.4529254310341044,-0.22898066924376922,-0.8676901744170622
mosque,MS1443,11,11,0.2,0.196969696969697,0.14285714285714285,"[['MS1443_010', 'MS1443_005', 'MS1443_006']]",0.08461538461538462,0.05789473684210526,-0.2764206257733432,0.5329085693440654,-0.5863721824505113,-0.4245865060524507,-0.6698473326184533,0.501552819528363,-1.1963566555218264,0.017665914302183824,1.3421828611330553,0.13010126606307246,-3.383895093744451,2.653944118456407,0.2761380076408386,1.7114464938640594,3.5630346645008433,0.39612674577669665,2.261634051799774,-2.2536206299608406,3.649274815889922,-1.1578780563378877,0.12932675975290212,0.05288636921481653,-0.7694836953993548,0.9489458257501776,0.02835101701996543,1.601825394413688,0.5874354351650585,1.1637205879457972,-0.4914957027543675,-0.03528453816067089,1.8956939415498213,1.6388171978972175,1.2945735508745366,-2.5845542658459055,0.8701205202801661,-3.367138293656436,-0.03541330112652345,1.6247888207435608,-1.203906617381356,-2.817096398635344,1.6504939835179935,-1.2683090331371536,-0.43335087851367216,0.30528024067594245,0.6234296533194456,-2.2542292794043366,0.005836286328055642,-1.1332730054855347,-0.22381784970110113,0.127552406354384,-2.0685431442477484,3.318189436739141,0.4486717933958227,-0.2007122744213451,1.0401863807981664,1.0264668491753666,-0.7797319374301217,-0.2042119171131741,-3.7696352763609453,2.5534487014467064,-1.946148005398837,0.5855182797055353,0.7792004712603309,-2.2630803368308325
mosque,MS1610,14,13,0.14285714285714285,0.0,0,[],0.1076923076923077,0.06842105263157895,2.795480336461748,-0.6467678993940353,1.5905825240271432,1.63739855161735,-0.3206354294504438,-0.2290924877992698,-1.0848157246197974,-0.7507322689385286,0.6344835284565177,0.18416263735187904,-0.0645367404712098,0.03179492082978998,1.3664548311914717,-1.6204613958086287,-1.4888745716639928,1.0309285361851965,-0.9468856070722852,-1.5305895805358887,0.4817456528544426,-0.9899886080196926,0.454675007411944,-1.5805971111570085,-1.021405658551625,-0.2240854182413646,-0.048220482521823475,1.4239940643310547,0.4971123438860689,0.34726586299283163,-2.190562571798052,-1.0036793670483999,0.6379227084772927,0.7868512730513301,-0.6399510736976352,-0.21197037185941422,-0.5797526155199323,-0.08712512994731826,1.092247752206666,-0.2549090976161616,1.9007122431482588,0.08615305806909289,-2.6399034687450955,-0.17730149626731873,-1.7507176314081465,0.7415191339594978,0.37415527312883307,-1.5967445458684648,-0.8295541831425258,-1.761154179062162,1.240836269089154,1.4018729137522834,-0.1922666664634432,-0.5154384885515485,-1.8964913530009133,-0.7533002559627805,1.171277899827276,-0.7995579285281045,0.9307376572063991,-0.03463799825736454,1.2457433300358909,1.4440556636878423,2.421067271913801,1.083383076578944,0.06284997080053602,-1.2878820172377996
mosque,MS1285,19,25,0.14619883040935672,0.02882205513784461,0.05454545454545454,"[['MS1285_000', 'MS1285_003', 'MS1285_001']]",0.14615384615384616,0.13157894736842105,-3.6919495965305127,2.6369948222448953,0.6817084497919208,-0.5091943760451517,-2.3082838097685263,2.1708022795225443,-0.3379969596862793,1.5965206003502797,-2.563343585321778,5.651951413405569,1.189350448156658,-0.5510147315891165,0.5707508611835932,0.3411386373795961,-3.829375888171949,-0.5634535966735137,3.4629701940636886,-0.6802971812063142,-0.681588496032514,-0.3228418999596646,0.30940057415711253,-1.1579685203338925,1.162162526657707,1.2711843299238306,0.25096437178160014,-3.32283101583782,-1.8628074345423986,-2.889355257937783,2.7882939608473527,-0.1411295141044416,-1.2280890168131966,2.2281241254194786,0.12341809017877829,-1.8719336180702637,1.1665795916005184,-3.386291249802238,-2.7342536418061507,-1.3906025604197854,1.5526897311210632,-0.4905614435280624,1.4436390439146443,-0.08229718788674004,4.114020285245619,-0.5013370827624672,1.3651016571215893,0.014314347387928712,0.8594597978027243,-1.730072038738351,0.9898283018877632,-2.191977133092127,-2.292894705345756,1.1056534138655192,1.4439579091574017,-3.915414471375315,-0.23254808861958354,1.055873862712791,1.3818712924656116,3.562975205873188,-0.6226364960403818,0.6147626387445551,-2.0575067909605997,1.5937743202636117,-0.9247922007190553,0.7578734681010246
